,Total Packets Sent,Total Packets Received,Packet Delivery Ratio,Total Energy Consumed,Detection Rate
DSR,15260.0,2558.0,0.1676277850589777,2020.6000000000013,0.09491850431447747
SFA,322.0,200.0,0.6211180124223602,104.40000000000148,0.09491850431447747
