,Total Packets Sent,Total Packets Received,Packet Delivery Ratio,Total Energy Consumed,Detection Rate
DSR,200.0,198.0,0.99,57.768426943578746,0.01879162702188392
SFA,119.0,113.0,0.9495798319327731,34.5697659449866,0.01879162702188392
