,Total Packets Sent,Total Packets Received,Packet Delivery Ratio,Total Energy Consumed,Detection Rate
DSR,200.0,197.0,0.985,47.01831937914423,0.0164246607950488
SFA,110.0,108.0,0.9818181818181818,30.223257458160617,0.0164246607950488
