,Total Packets Sent,Total Packets Received,Packet Delivery Ratio,Total Energy Consumed,Detection Rate
DSR,200.0,199.0,0.995,49.49163774876175,0.025589764094362255
SFA,288.0,153.0,0.53125,73.70415608276616,0.025589764094362255
